{
  "moving_part_path": "C:\\Users\\Admin\\Documents\\Github\\PCB-Data\\output\\component_maker\\ConnectorPin\\connector Pin.stl",
  "fixed_part_path": "C:\\Users\\Admin\\Documents\\Github\\PCB-Data\\output\\component_maker\\ConnectorPin\\Plastic Covering.stl",
  "moving_pair": {
    "triangle_a": {
      "face_index": 52,
      "centroid_mm": [
        0.05830544819867001,
        -1.3479927378413423,
        0.19500000053085387
      ],
      "normal": [
        -0.0,
        0.0,
        1.0
      ]
    },
    "triangle_b": {
      "face_index": 30,
      "centroid_mm": [
        -0.05836133072341099,
        -1.347992737841342,
        -0.19500000053085387
      ],
      "normal": [
        -0.0,
        0.0,
        -1.0
      ]
    },
    "center_point_mm": [
      -2.7941262370489994e-05,
      -1.3479927378413423,
      0.0
    ],
    "plane_normal": [
      0.0,
      0.0,
      1.0
    ]
  },
  "fixed_pair": {
    "triangle_a": {
      "face_index": 39,
      "centroid_mm": [
        0.4233333180945409,
        -1.2000000569969416,
        1.383423291453355
      ],
      "normal": [
        0.0,
        -1.0,
        0.0
      ]
    },
    "triangle_b": {
      "face_index": 16,
      "centroid_mm": [
        -0.4233333150569307,
        1.2000000569969416,
        1.383423291453355
      ],
      "normal": [
        -0.0,
        1.0,
        0.0
      ]
    },
    "center_point_mm": [
      1.5188050817016574e-09,
      0.0,
      1.383423291453355
    ],
    "plane_normal": [
      0.0,
      -1.0,
      0.0
    ]
  },
  "center_mate_transform": [
    [
      1.0,
      0.0,
      0.0,
      0.0
    ],
    [
      0.0,
      6.123233995736766e-17,
      -1.0,
      8.254074958356386e-17
    ],
    [
      0.0,
      1.0,
      6.123233995736766e-17,
      0.0
    ],
    [
      0.0,
      0.0,
      0.0,
      1.0
    ]
  ],
  "contact_moving_pair": {
    "triangle_a": {
      "face_index": 89,
      "centroid_mm": [
        -0.27502793977225437,
        -1.681326087007158,
        -0.06500000017695129
      ],
      "normal": [
        0.0,
        -1.0,
        0.0
      ]
    },
    "triangle_b": {
      "face_index": 88,
      "centroid_mm": [
        -0.37502776989901676,
        -1.681326087007158,
        0.06500000017695129
      ],
      "normal": [
        0.0,
        -1.0,
        0.0
      ]
    },
    "center_point_mm": [
      -0.32502785483563557,
      -1.681326087007158,
      0.0
    ],
    "plane_normal": [
      0.0,
      -1.0,
      0.0
    ]
  },
  "contact_fixed_pair": {
    "triangle_a": {
      "face_index": 15,
      "centroid_mm": [
        -0.4233333150569307,
        0.7000000138456622,
        -4.149909916648136
      ],
      "normal": [
        0.0,
        0.0,
        -1.0
      ]
    },
    "triangle_b": {
      "face_index": 14,
      "centroid_mm": [
        0.4233333180945409,
        0.950000035421302,
        -4.149909916648136
      ],
      "normal": [
        -0.0,
        -0.0,
        -1.0
      ]
    },
    "center_point_mm": [
      1.5188050817016574e-09,
      0.8250000246334821,
      -4.149909916648136
    ],
    "plane_normal": [
      0.0,
      0.0,
      -1.0
    ]
  },
  "full_transform": [
    [
      1.0,
      0.0,
      0.0,
      0.0
    ],
    [
      0.0,
      6.123233995736766e-17,
      -1.0,
      8.254074958356386e-17
    ],
    [
      0.0,
      1.0,
      6.123233995736766e-17,
      -2.468583829640978
    ],
    [
      0.0,
      0.0,
      0.0,
      1.0
    ]
  ],
  "notes": "Both meshes are centered to their own centroids first. Center mate constrains the moving part along the chosen center-plane normal direction. Optional contact mate then adds a second along-normal contact constraint."
}